{"name": ["12many", "12many.doc", "12many.source", "2up", "2up.doc", "a0poster", "a0poster.doc", "a4wide", "a4wide.doc", "a5comb", "a5comb.doc", "aaai-named", "aalok", "aalok.doc", "aalok.source", "aastex", "aastex.doc", "abbr", "abbr.doc", "abc"], "size": ["2104", "375412", "6592", "4200", "52456", "3308", "118128", "1012", "134740", "968", "91652", "5172", "6092", "165976", "18636", "50208", "1166168", "2628", "852", "2608"], "get": [0.22270750999450684, 0.4526829719543457, 0.20650959014892578, 0.22002959251403809, 0.2832655906677246, 0.4598381519317627, 0.2872028350830078, 0.20014071464538574, 0.32567262649536133, 0.2185826301574707, 0.30759096145629883, 0.19516205787658691, 0.23963117599487305, 0.3378181457519531, 0.2565150260925293, 0.2830369472503662, 0.7321586608886719, 0.24880313873291016, 0.20363950729370117, 0.20351886749267578], "hash": [0.0, 0.01545405387878418, 0.0, 0.0, 0.0, 0.0, 0.0, 0.0, 0.01568460464477539, 0.0, 0.0010457038879394531, 0.0, 0.0, 0.0, 0.0, 0.0, 0.0059964656829833984, 0.0, 0.0, 0.0], "extract_write": [0.0, 0.06853461265563965, 0.0, 0.0, 0.03128457069396973, 0.0, 0.04693794250488281, 0.015628337860107422, 0.0, 0.0, 0.023997783660888672, 0.0060007572174072266, 0.009002685546875, 0.03783130645751953, 0.0, 0.031313419342041016, 0.17106080055236816, 0.005995035171508789, 0.0059947967529296875, 0.008957624435424805]}